,ciudad,weights
0,Barcelona,0.12965377046230284
1,Madrid,0.14902893391579475
2,Malaga,0.6545319136806519
